flow_duration,packets_forward,packets_backward,bytes_forward,bytes_backward,packet_size_mean,packet_size_min,packet_size_max,packet_size_stddev,forward_packet_size_mean,backward_packet_size_mean,packets_per_second,bytes_per_second,forward_packets_per_second,backward_packets_per_second,interarrival_mean,interarrival_min,interarrival_max,interarrival_stddev,forward_interarrival_mean,backward_interarrival_mean,source_port,destination_port,protocol_tcp,protocol_udp,protocol_icmp,tcp_syn_count,tcp_ack_count,tcp_fin_count,tcp_rst_count,tcp_psh_count,tcp_urg_count,syn_ack_ratio,packet_direction_ratio,byte_direction_ratio,initial_tcp_window,average_tcp_window,down_up_bytes_ratio,small_packet_ratio,large_packet_ratio,average_payload_length,bidirectional_flag,internal_to_internal,internal_to_external,external_to_internal,external_to_external,dest_port_is_wellknown,snapshot_index,label
1.8533,799.898,548.773,878.681,248.531,1236.561,575.557,1184.419,1382.59,461.45,1488.371,307.419,984.416,1368.458,163.933,1230.656,598.109,98.015,1048.812,522.153,605.381,51234,22,0,1,0,691.401,1436.345,1193.58,470.592,1035.812,1372.65,1.3715,0.7946,0.6029,100.95,788.165,1.856,1.7319,0.1316,611.205,0,0,0,0,0,1,0,normal
0.5897,1123.667,1499.482,853.017,18.698,1405.303,500.388,858.163,343.208,68.749,1467.984,1089.812,460.948,1337.115,917.105,271.191,790.071,277.481,993.956,1119.546,1055.459,8080,53,0,1,1,1102.051,1197.591,966.998,392.669,1063.134,1421.756,2.7109,0.9481,0.2353,659.189,810.646,0.7591,0.1609,0.4499,523.83,0,1,1,0,0,1,0,scan
1.0419,102.614,528.632,1015.295,901.441,1076.066,287.283,726.1,919.758,829.232,239.589,1067.096,1264.017,589.426,291.798,1144.095,937.348,626.291,238.639,703.815,1046.482,22,80,0,0,1,460.41,1414.464,819.181,1171.202,1310.995,337.642,0.9158,1.3202,1.1372,954.824,216.104,2.461,2.2878,0.7101,1219.668,0,1,0,1,0,1,0,dos_ddos
1.4752,1229.282,1362.435,1494.721,55.719,1414.873,871.74,293.335,666.469,1000.495,451.943,737.464,1075.474,533.483,492.588,415.15,1453.913,1021.069,1009.562,228.812,1155.491,51234,51234,0,1,1,23.766,222.2,1466.68,1372.807,973.955,922.903,2.7915,2.2056,0.0626,1186.088,243.487,2.2555,1.9434,2.1326,1198.835,1,1,1,1,0,1,0,brute_force
1.0592,945.352,1177.478,121.765,23.015,448.895,989.448,290.613,1026.382,159.811,239.194,963.775,607.027,893.472,1384.505,1342.003,645.943,1020.855,623.551,1277.25,692.503,51234,443,0,0,0,1272.365,992.017,541.357,870.447,41.538,1405.668,2.0373,2.8564,0.1776,825.315,172.599,1.9561,1.1948,0.835,843.248,1,0,0,1,1,1,0,botnet_c2
1.1147,1151.022,483.62,1134.13,84.859,1139.201,80.398,1142.754,1201.354,934.757,595.786,260.593,745.105,1012.007,275.635,110.219,283.614,1449.542,959.539,1176.689,236.949,443,8080,0,0,0,655.235,637.705,1425.284,820.009,458.187,1070.794,1.8986,0.8446,2.9903,1316.022,550.182,2.9872,0.0741,1.0823,887.062,0,0,0,0,1,1,0,web_attack
2.9372,1201.309,0.182,966.02,1017.504,1454.896,1081.474,123.591,482.06,785.508,672.127,766.674,319.774,689.083,877.614,1285.532,544.763,557.68,217.058,161.546,1203.339,53,443,0,0,1,579.634,508.238,560.061,323.781,1236.44,1316.836,0.8062,1.623,0.2573,1393.211,726.552,0.4538,0.3256,0.6144,1349.477,0,0,0,0,0,0,0,suspicious
2.3622,185.484,298.852,94.425,772.798,932.208,858.39,567.776,1429.644,135.926,1218.027,1075.043,540.542,324.843,1052.132,1490.635,1364.773,1086.072,363.645,444.061,475.395,22,22,0,1,1,480.898,1033.145,963.372,811.534,883.365,803.943,0.1036,0.9678,2.4986,1402.409,642.318,2.6597,1.9302,1.7008,253.862,1,0,1,0,0,1,0,normal
2.2105,311.57,787.446,1014.384,928.282,843.986,1487.963,888.022,587.212,1119.22,267.798,392.352,193.887,964.847,405.969,785.537,158.993,933.579,196.13,1017.692,193.529,80,51234,0,1,1,1003.356,826.596,1164.032,454.421,577.645,582.178,1.5404,2.3016,0.307,1402.268,351.61,0.4597,2.101,2.1252,1102.913,0,0,0,1,0,1,0,scan
0.7415,891.226,455.2,515.178,461.82,916.71,1213.753,507.745,268.573,798.706,1475.65,593.296,150.311,635.018,343.961,1145.822,107.986,6.44,1077.716,275.367,399.984,8080,8080,1,1,1,265.224,2.393,957.07,470.348,41.34,428.67,0.6676,1.4322,0.3312,74.08,20.124,0.6973,1.8543,1.7412,423.481,1,0,0,1,1,1,0,dos_ddos
1.7915,870.074,1254.197,940.041,1209.621,1390.27,954.882,814.248,719.058,1099.276,414.09,863.772,1328.015,799.51,462.102,594.374,698.41,1499.265,790.827,652.185,217.926,51234,80,1,1,0,1270.119,1159.723,1404.065,341.081,397.717,941.518,2.7314,2.5389,0.3226,467.539,944.062,1.6791,0.3342,2.0713,1352.263,0,1,1,0,0,0,0,brute_force
0.4164,339.944,1093.273,537.286,1338.785,732.778,933.535,300.246,1464.789,487.592,751.392,507.914,807.058,1428.863,1187.927,469.028,1245.513,687.286,1406.448,664.716,171.685,80,80,0,1,1,127.216,1003.841,340.857,1098.135,256.772,794.396,1.0881,1.8769,2.2635,251.855,399.88,1.5661,0.7538,0.0718,1038.908,0,1,1,1,1,1,0,botnet_c2
0.352,836.634,1484.622,386.564,1228.699,473.992,785.859,1377.388,743.668,1227.412,1248.59,193.675,1118.931,658.078,974.335,850.118,771.154,551.262,79.237,876.806,471.111,80,22,0,1,1,1157.162,1180.566,1284.868,404.081,1118.448,1078.732,2.4905,1.0028,1.0462,483.573,911.884,2.2573,1.3483,0.6962,1171.266,1,1,1,0,0,0,0,web_attack
2.9119,385.52,306.687,1019.429,1018.599,1296.952,994.185,987.964,73.694,948.276,1014.391,38.245,776.446,1155.558,1330.575,1074.838,942.91,136.126,1388.209,762.147,1460.417,53,443,1,1,0,348.804,368.533,1409.884,801.245,1481.322,280.254,1.472,2.6313,2.5836,1065.704,165.698,1.7204,1.1896,0.1088,412.717,1,1,1,0,0,1,0,suspicious
0.9037,640.171,34.805,1422.498,1357.929,1183.053,1093.575,518.623,950.629,744.987,1079.064,150.097,513.915,516.387,333.993,626.096,1370.723,1309.178,984.334,128.105,178.709,443,53,1,1,1,368.802,1180.835,1200.881,129.307,720.626,913.562,2.5147,0.0046,0.2919,304.676,955.442,1.5497,1.8809,1.5338,607.244,0,0,1,0,0,1,0,normal
1.5964,467.675,1107.198,129.309,748.835,368.682,826.317,839.556,1045.136,348.703,482.099,111.862,1319.022,349.793,810.711,799.513,1448.319,1456.741,1413.497,195.562,235.925,80,443,0,1,0,1190.94,1132.503,1011.514,168.466,838.684,1445.092,0.6709,0.946,1.0923,356.667,958.314,1.4277,2.4279,2.5803,1253.242,1,1,0,0,0,1,0,scan
2.1841,938.225,837.302,612.624,414.21,1004.318,325.833,472.578,513.207,1059.1,1491.602,1142.494,717.208,329.332,375.254,1276.903,450.702,1245.08,214.921,394.039,743.476,80,80,0,0,0,372.512,55.251,1041.83,1065.098,1226.156,1349.782,2.0529,0.7315,2.4334,317.633,76.922,2.3284,0.9387,2.1228,1405.632,1,0,1,1,1,0,0,dos_ddos
0.7749,1373.498,979.695,109.258,1088.925,676.762,1242.598,1435.674,946.363,581.085,305.59,789.585,284.249,1001.137,53.807,1457.835,368.968,803.856,392.752,1401.701,499.723,51234,51234,0,1,1,1220.671,202.391,212.352,151.684,699.259,1384.99,1.2103,2.4062,1.5025,1362.732,635.824,1.1661,0.1672,2.732,981.984,1,1,1,1,0,1,0,brute_force
0.1177,1083.075,768.858,890.139,481.728,926.004,52.241,111.108,1092.235,880.8,258.267,1342.974,1200.93,563.1,513.057,521.484,1388.711,890.853,1007.957,1427.517,648.372,53,51234,1,1,0,357.815,1363.446,511.304,1364.715,1489.176,401.506,2.98,0.8998,1.0203,963.06,474.113,1.628,1.3756,2.3038,759.154,0,0,1,0,1,1,0,botnet_c2
0.6412,1290.304,331.799,1434.502,1492.959,325.416,1151.044,99.687,313.032,1239.86,951.368,690.396,1283.494,34.662,903.234,1390.485,409.278,655.807,1479.214,1270.296,1425.495,443,443,1,0,1,1108.771,992.121,1083.007,739.914,1205.357,1191.767,1.0578,0.7915,1.7854,404.042,1013.43,2.7361,1.5162,2.5035,932.394,0,0,1,0,0,0,0,web_attack
2.7089,360.259,1281.285,470.099,1355.551,493.657,860.062,1469.986,1441.104,1100.981,1350.594,1161.822,22.099,1056.736,395.56,704.278,528.872,339.069,879.6,280.72,377.549,443,443,1,1,0,950.398,135.077,1472.977,118.202,77.533,291.706,1.3069,2.5023,2.2349,926.064,62.856,2.0312,2.5081,0.3951,51.016,0,0,0,1,0,0,0,suspicious
0.0831,1317.172,437.22,818.129,788.059,786.519,1434.169,952.412,400.276,1146.541,1260.294,493.249,164.79,276.296,756.919,1283.342,1049.709,992.299,873.821,481.329,32.903,80,51234,1,1,0,150.048,302.009,640.592,869.6,1012.965,1185.923,2.3603,2.4164,1.5069,312.586,682.905,0.3117,1.5312,0.9914,607.632,0,0,1,0,0,0,0,normal
0.7712,1302.627,1137.328,8.163,744.332,425.848,943.682,876.839,813.577,291.91,278.941,23.613,1235.318,241.715,762.004,1387.086,1164.578,1426.09,1355.711,239.411,94.098,51234,51234,1,1,0,289.623,214.788,1391.421,9.002,1149.672,1146.505,0.5585,1.0886,0.5855,415.359,580.414,0.4808,2.6825,2.0891,627.963,1,1,0,0,1,1,0,scan
1.6596,145.563,1109.519,1317.335,1118.456,631.616,454.75,1276.209,1245.721,45.53,574.492,141.61,1108.348,129.078,870.947,314.039,748.874,1202.113,287.473,1117.241,40.82,443,22,0,0,1,27.719,1204.321,1069.17,1341.615,517.199,974.38,2.336,1.9894,0.9977,1058.776,1455.299,0.7749,2.5043,0.508,564.138,0,1,0,1,1,0,0,dos_ddos
